standardized_smiles,pchembl_value_cxcr1,molecule_chembl_id_cxcr1,assay_chembl_id_cxcr1,document_chembl_id_cxcr1,assay_description_cxcr1,pchembl_value_cxcr2,molecule_chembl_id_cxcr2,assay_chembl_id_cxcr2,document_chembl_id_cxcr2,assay_description_cxcr2,Selectivity_Score
CC(C)Cc1ccc(C(C)C(=O)NS(C)(=O)=O)cc1,9.0,CHEMBL191413,CHEMBL2184854,CHEMBL2176887,Binding affinity to CXCR1,7.0,CHEMBL191413,CHEMBL2184853,CHEMBL2176887,Binding affinity to CXCR2,-2.0
CC(C)c1ccccc1N=C(NC#N)Nc1ccc(Cl)c(S(=O)(=O)N(C)C)c1O,5.14,CHEMBL218334,CHEMBL908414,CHEMBL1139694,Displacement of [125I]IL8 from CXCR1 expressed in CHO cells,6.95,CHEMBL218334,CHEMBL908413,CHEMBL1139694,Displacement of [125I]IL8 from CXCR2 expressed in CHO cells,1.8100000000000005
CCC(CC)(NS(=O)(=O)c1c(C)ccc(N=C(NC#N)Nc2ccccc2Br)c1O)N1CCOCC1,6.98,CHEMBL221481,CHEMBL908414,CHEMBL1139694,Displacement of [125I]IL8 from CXCR1 expressed in CHO cells,8.22,CHEMBL221481,CHEMBL908413,CHEMBL1139694,Displacement of [125I]IL8 from CXCR2 expressed in CHO cells,1.2400000000000002
CCC(CC)(NS(=O)(=O)c1c(Cl)ccc(N=C(NC#N)Nc2ccccc2Br)c1O)N1CCC(N)CC1,6.73,CHEMBL386072,CHEMBL908414,CHEMBL1139694,Displacement of [125I]IL8 from CXCR1 expressed in CHO cells,7.66,CHEMBL386072,CHEMBL908413,CHEMBL1139694,Displacement of [125I]IL8 from CXCR2 expressed in CHO cells,0.9299999999999997
CCC(CC)(NS(=O)(=O)c1c(Cl)ccc(N=C(NC#N)Nc2ccccc2Br)c1O)N1CCCC1C(=O)O,7.66,CHEMBL387136,CHEMBL908414,CHEMBL1139694,Displacement of [125I]IL8 from CXCR1 expressed in CHO cells,7.8,CHEMBL387136,CHEMBL908413,CHEMBL1139694,Displacement of [125I]IL8 from CXCR2 expressed in CHO cells,0.13999999999999968
CCC(CC)(NS(=O)(=O)c1c(Cl)ccc(N=C(NC#N)Nc2ccccc2Br)c1O)N1C[C@@H](C)O[C@@H](C)C1,6.67,CHEMBL218486,CHEMBL908414,CHEMBL1139694,Displacement of [125I]IL8 from CXCR1 expressed in CHO cells,8.05,CHEMBL218486,CHEMBL908413,CHEMBL1139694,Displacement of [125I]IL8 from CXCR2 expressed in CHO cells,1.3800000000000008
CCC(CC)(NS(=O)(=O)c1c(Cl)ccc(N=C(NC#N)Nc2ccccc2C)c1O)N1C[C@@H](C)O[C@@H](C)C1,5.97,CHEMBL373522,CHEMBL908414,CHEMBL1139694,Displacement of [125I]IL8 from CXCR1 expressed in CHO cells,7.77,CHEMBL373522,CHEMBL908413,CHEMBL1139694,Displacement of [125I]IL8 from CXCR2 expressed in CHO cells,1.7999999999999998
CCC(CC)(NS(=O)(=O)c1cccc(N=C(NC#N)Nc2ccccc2Br)c1O)N1CCOCC1,6.24,CHEMBL218744,CHEMBL908414,CHEMBL1139694,Displacement of [125I]IL8 from CXCR1 expressed in CHO cells,7.92,CHEMBL218744,CHEMBL908413,CHEMBL1139694,Displacement of [125I]IL8 from CXCR2 expressed in CHO cells,1.6799999999999997
CCC(CC)Nc1c(Nc2cccc(C(=O)N(C)C)c2O)c(=O)c1=O,6.04,CHEMBL218964,CHEMBL912816,CHEMBL1138214,Displacement of [125I]hCXCL8 from human CXCR1 receptor expressed in BaF3 cells,8.06,CHEMBL214047,CHEMBL909848; CHEMBL867334,CHEMBL1146016; CHEMBL1138214,Displacement of [125I]hCXCL8 from human CXCR2 receptor expressed in BaF3 cells; Displacement of [125I]IL8 from human CXCR2 expressed in CHO cells,2.0200000000000005
CCN(CC)CCCCNc1nc2cc(Cl)c(Cl)cc2nc1-c1cc2ccccc2o1,6.64,CHEMBL4473520,CHEMBL4324677,CHEMBL4321855,Displacement of [125I]IL-8 from CXCR1 in human neutrophils incubated for 3 hrs by gamma counting method,7.52,CHEMBL4473520,CHEMBL4324678,CHEMBL4321855,Displacement of [125I]IL-8 from CXCR2 in human neutrophils incubated for 3 hrs by gamma counting method,0.8799999999999999
CC[C@@H](Nc1c(Nc2cccc(C(=O)N(C)C)c2O)c(=O)c1=O)c1cc(C(C)C)co1,8.14,CHEMBL246108,CHEMBL886376,CHEMBL1139955,Displacement of [125I]IL8 from human CXCR1 expressed in CHO cells by SPA,8.89,CHEMBL246108,CHEMBL886375,CHEMBL1139955,Displacement of [125I]IL8 from human CXCR2 expressed in CHO cells by SPA,0.75
CC[C@@H](Nc1c(Nc2cccc(C(=O)N(C)C)c2O)c(=O)c1=O)c1ccc(C)o1,7.925000000000001,CHEMBL216981,CHEMBL912816; CHEMBL2184854,CHEMBL1138214; CHEMBL2176887,Displacement of [125I]hCXCL8 from human CXCR1 receptor expressed in BaF3 cells; Binding affinity to CXCR1,9.45,CHEMBL216981,CHEMBL909848; CHEMBL2184853,CHEMBL1138214; CHEMBL2176887,Displacement of [125I]hCXCL8 from human CXCR2 receptor expressed in BaF3 cells; Binding affinity to CXCR2,1.5249999999999986
CC[C@@H](Nc1c(Nc2cccc(C(=O)N(C)C)c2O)c(=O)c1=O)c1ccc(C)s1,6.63,CHEMBL415446,CHEMBL912816,CHEMBL1138214,Displacement of [125I]hCXCL8 from human CXCR1 receptor expressed in BaF3 cells,8.28,CHEMBL415446,CHEMBL909848,CHEMBL1138214,Displacement of [125I]hCXCL8 from human CXCR2 receptor expressed in BaF3 cells,1.6499999999999995
CC[C@@H](Nc1c(Nc2cccc(C(=O)N(C)C)c2O)c(=O)c1=O)c1ccc2c(c1)OCO2,6.84,CHEMBL220182,CHEMBL912816,CHEMBL1138214,Displacement of [125I]hCXCL8 from human CXCR1 receptor expressed in BaF3 cells,8.3,CHEMBL220182,CHEMBL909848,CHEMBL1138214,Displacement of [125I]hCXCL8 from human CXCR2 receptor expressed in BaF3 cells,1.4600000000000009
CC[C@@H](Nc1c(Nc2cccc(C(=O)N(C)C)c2O)c(=O)c1=O)c1cccc(F)c1,6.71,CHEMBL401512,CHEMBL912816,CHEMBL1138214,Displacement of [125I]hCXCL8 from human CXCR1 receptor expressed in BaF3 cells,8.31,CHEMBL401512,CHEMBL909848; CHEMBL929862,CHEMBL1141536; CHEMBL1138214,Displacement of [125I]IL8 from human CXCR2 by SPA assay; Displacement of [125I]hCXCL8 from human CXCR2 receptor expressed in BaF3 cells,1.6000000000000005
CC[C@@H](Nc1c(Nc2cccc(C(=O)N(C)C)c2O)c(=O)c1=O)c1ccccc1,6.59,CHEMBL254370,CHEMBL912816,CHEMBL1138214,Displacement of [125I]hCXCL8 from human CXCR1 receptor expressed in BaF3 cells,8.17,CHEMBL254370,CHEMBL909848; CHEMBL929862,CHEMBL1141536; CHEMBL1138214,Displacement of [125I]IL8 from human CXCR2 by SPA assay; Displacement of [125I]hCXCL8 from human CXCR2 receptor expressed in BaF3 cells,1.58
CC[C@@H](Nc1c(Nc2cccc(C(=O)N(C)C)c2O)c(=O)c1=O)c1ccco1,7.58,CHEMBL218115,CHEMBL912816,CHEMBL1138214,Displacement of [125I]hCXCL8 from human CXCR1 receptor expressed in BaF3 cells,8.42,CHEMBL218115,CHEMBL909848,CHEMBL1138214,Displacement of [125I]hCXCL8 from human CXCR2 receptor expressed in BaF3 cells,0.8399999999999999
CC[C@@H](Nc1c(Nc2cccc(C(=O)N(C)C)c2O)c(=O)c1=O)c1cccs1,7.09,CHEMBL385715,CHEMBL912816,CHEMBL1138214,Displacement of [125I]hCXCL8 from human CXCR1 receptor expressed in BaF3 cells,8.22,CHEMBL385715,CHEMBL909848,CHEMBL1138214,Displacement of [125I]hCXCL8 from human CXCR2 receptor expressed in BaF3 cells,1.1300000000000008
CCc1ccccc1N=C(NC#N)Nc1ccc(Cl)c(S(=O)(=O)N(C)C)c1O,6.29,CHEMBL386505,CHEMBL908414,CHEMBL1139694,Displacement of [125I]IL8 from CXCR1 expressed in CHO cells,7.82,CHEMBL386505,CHEMBL908413,CHEMBL1139694,Displacement of [125I]IL8 from CXCR2 expressed in CHO cells,1.5300000000000002
CN(C)S(=O)(=O)c1c(C(F)(F)F)ccc(N=C(NC#N)Nc2ccccc2Br)c1O,7.0,CHEMBL218665,CHEMBL908414,CHEMBL1139694,Displacement of [125I]IL8 from CXCR1 expressed in CHO cells,8.15,CHEMBL218665,CHEMBL908413,CHEMBL1139694,Displacement of [125I]IL8 from CXCR2 expressed in CHO cells,1.1500000000000004
CN(C)S(=O)(=O)c1c(Cl)ccc(N=C(NC#N)Nc2cccc(Cl)c2F)c1O,5.21,CHEMBL221039,CHEMBL908414,CHEMBL1139694,Displacement of [125I]IL8 from CXCR1 expressed in CHO cells,7.54,CHEMBL221039,CHEMBL908413,CHEMBL1139694,Displacement of [125I]IL8 from CXCR2 expressed in CHO cells,2.33
CN(C)S(=O)(=O)c1c(Cl)ccc(N=C(NC#N)Nc2ccccc2-c2ccccc2)c1O,6.12,CHEMBL425985,CHEMBL908414,CHEMBL1139694,Displacement of [125I]IL8 from CXCR1 expressed in CHO cells,7.89,CHEMBL425985,CHEMBL908413,CHEMBL1139694,Displacement of [125I]IL8 from CXCR2 expressed in CHO cells,1.7699999999999996
CN(C)S(=O)(=O)c1c(Cl)ccc(N=C(NC#N)Nc2ccccc2Br)c1O,7.26,CHEMBL218387,CHEMBL908414,CHEMBL1139694,Displacement of [125I]IL8 from CXCR1 expressed in CHO cells,8.3,CHEMBL218387,CHEMBL908413,CHEMBL1139694,Displacement of [125I]IL8 from CXCR2 expressed in CHO cells,1.040000000000001
CN(C)S(=O)(=O)c1c(Cl)ccc(N=C(NC#N)Nc2ccccc2C(F)(F)F)c1O,6.39,CHEMBL222075,CHEMBL908414,CHEMBL1139694,Displacement of [125I]IL8 from CXCR1 expressed in CHO cells,7.92,CHEMBL222075,CHEMBL908413,CHEMBL1139694,Displacement of [125I]IL8 from CXCR2 expressed in CHO cells,1.5300000000000002
CN(C)S(=O)(=O)c1c(Cl)ccc(N=C(NC#N)Nc2ccccc2F)c1O,5.81,CHEMBL220797,CHEMBL908414,CHEMBL1139694,Displacement of [125I]IL8 from CXCR1 expressed in CHO cells,8.05,CHEMBL220797,CHEMBL908413,CHEMBL1139694,Displacement of [125I]IL8 from CXCR2 expressed in CHO cells,2.240000000000001
CN(C)S(=O)(=O)c1c(Cl)ccc(N=C(NC#N)Nc2ccccc2OCc2ccccc2)c1O,6.53,CHEMBL376621,CHEMBL908414,CHEMBL1139694,Displacement of [125I]IL8 from CXCR1 expressed in CHO cells,8.05,CHEMBL376621,CHEMBL908413,CHEMBL1139694,Displacement of [125I]IL8 from CXCR2 expressed in CHO cells,1.5200000000000005
CN(C)S(=O)(=O)c1c(Cl)ccc(NC(=O)Nc2ccccc2Br)c1O,5.37,CHEMBL183222,CHEMBL828743,CHEMBL1137097,Concentration required to inhibit [125I]-IL-8 binding towards C-X-C chemokine receptor type 1 of human expressed in CHO cells,7.92,CHEMBL183222,CHEMBL828744,CHEMBL1137097,Concentration required to inhibit [125I]IL-8 binding towards C-X-C chemokine receptor type 2 of human expressed in CHO cells,2.55
CN(C)S(=O)(=O)c1c(F)ccc(N=C(NC#N)Nc2ccccc2Br)c1O,6.72,CHEMBL375393,CHEMBL908414,CHEMBL1139694,Displacement of [125I]IL8 from CXCR1 expressed in CHO cells,8.4,CHEMBL375393,CHEMBL908413,CHEMBL1139694,Displacement of [125I]IL8 from CXCR2 expressed in CHO cells,1.6800000000000006
C[C@@H](Nc1c(Nc2cccc(C(=O)N(C)C)c2O)c(=O)c1=O)c1ccccc1,5.51,CHEMBL1162935,CHEMBL912816,CHEMBL1138214,Displacement of [125I]hCXCL8 from human CXCR1 receptor expressed in BaF3 cells,7.77,CHEMBL1162935,CHEMBL909848,CHEMBL1138214,Displacement of [125I]hCXCL8 from human CXCR2 receptor expressed in BaF3 cells,2.26
Cc1ccc(N=C(NC#N)Nc2ccccc2Br)c(O)c1S(=O)(=O)N(C)C,6.73,CHEMBL376540,CHEMBL908414,CHEMBL1139694,Displacement of [125I]IL8 from CXCR1 expressed in CHO cells,8.15,CHEMBL376540,CHEMBL908413,CHEMBL1139694,Displacement of [125I]IL8 from CXCR2 expressed in CHO cells,1.42
Cc1ccc([C@@H](C)Nc2c(Nc3cccc(C(=O)N(C)C)c3O)c(=O)c2=O)o1,6.11,CHEMBL216602,CHEMBL912816,CHEMBL1138214,Displacement of [125I]hCXCL8 from human CXCR1 receptor expressed in BaF3 cells,8.27,CHEMBL216602,CHEMBL909848,CHEMBL1138214,Displacement of [125I]hCXCL8 from human CXCR2 receptor expressed in BaF3 cells,2.1599999999999993
Cc1ccc([C@H](Nc2c(Nc3cccc(C(=O)N(C)C)c3O)c(=O)c2=O)C(C)(C)C)o1,7.96,CHEMBL376414,CHEMBL912816,CHEMBL1138214,Displacement of [125I]hCXCL8 from human CXCR1 receptor expressed in BaF3 cells,8.42,CHEMBL376414,CHEMBL909848,CHEMBL1138214,Displacement of [125I]hCXCL8 from human CXCR2 receptor expressed in BaF3 cells,0.45999999999999996
Cc1ccc([C@H](Nc2c(Nc3cccc(C(=O)N(C)C)c3O)c(=O)c2=O)C(C)C)o1,7.47,CHEMBL384889,CHEMBL912816,CHEMBL1138214,Displacement of [125I]hCXCL8 from human CXCR1 receptor expressed in BaF3 cells,8.21,CHEMBL384889,CHEMBL909848,CHEMBL1138214,Displacement of [125I]hCXCL8 from human CXCR2 receptor expressed in BaF3 cells,0.7400000000000011
Cc1ccc([C@H](Nc2c(Nc3cccc(C(=O)N(C)C)c3O)c(=O)c2=O)C2CC2)o1,7.26,CHEMBL216603,CHEMBL912816,CHEMBL1138214,Displacement of [125I]hCXCL8 from human CXCR1 receptor expressed in BaF3 cells,8.44,CHEMBL216603,CHEMBL909848,CHEMBL1138214,Displacement of [125I]hCXCL8 from human CXCR2 receptor expressed in BaF3 cells,1.1799999999999997
Cc1ccccc1N=C(NC#N)Nc1ccc(Cl)c(S(=O)(=O)N(C)C)c1O,6.42,CHEMBL220860,CHEMBL908414,CHEMBL1139694,Displacement of [125I]IL8 from CXCR1 expressed in CHO cells,7.77,CHEMBL220860,CHEMBL908413,CHEMBL1139694,Displacement of [125I]IL8 from CXCR2 expressed in CHO cells,1.3499999999999996
N#Cc1c(Cl)ccc(NC(=O)Nc2ccccc2Br)c1O,4.96,CHEMBL26830,CHEMBL656546,CHEMBL1149089,Inhibition of binding of IL-8 to membranes of cloned CXC chemokine receptor 1 expressed in CHO Cells using [125I]IL-8 radioligand,7.24,CHEMBL26830,CHEMBL656551,CHEMBL1149089,Inhibition of binding of IL-8 to membranes of cloned CXC chemokine receptor 2 expressed in CHO Cells using [125I]IL-8 radioligand,2.2800000000000002
N#Cc1ccc(NC(=O)Nc2ccccc2)c(O)c1,4.68,CHEMBL25573,CHEMBL656546,CHEMBL1149089,Inhibition of binding of IL-8 to membranes of cloned CXC chemokine receptor 1 expressed in CHO Cells using [125I]IL-8 radioligand,6.7,CHEMBL25573,CHEMBL903301; CHEMBL656551,CHEMBL1149089; CHEMBL1139102,Inhibition of binding of IL-8 to membranes of cloned CXC chemokine receptor 2 expressed in CHO Cells using [125I]IL-8 radioligand; Displacement of [125I]IL8 from human recombinant CXCR2 expressed in CHO cells,2.0200000000000005
N#Cc1ccc(NC(=O)Nc2ccccc2Br)c(O)c1,4.82,CHEMBL27863,CHEMBL656546,CHEMBL1149089,Inhibition of binding of IL-8 to membranes of cloned CXC chemokine receptor 1 expressed in CHO Cells using [125I]IL-8 radioligand,7.6,CHEMBL27863,CHEMBL903301; CHEMBL656551,CHEMBL1149089; CHEMBL1139102,Inhibition of binding of IL-8 to membranes of cloned CXC chemokine receptor 2 expressed in CHO Cells using [125I]IL-8 radioligand; Displacement of [125I]IL8 from human recombinant CXCR2 expressed in CHO cells,2.7799999999999994
N#Cc1ccc(NC(=O)Nc2ccccc2Br)c(O)c1Br,5.58,CHEMBL28009,CHEMBL656546,CHEMBL1149089,Inhibition of binding of IL-8 to membranes of cloned CXC chemokine receptor 1 expressed in CHO Cells using [125I]IL-8 radioligand,8.22,CHEMBL28009,CHEMBL656551,CHEMBL1149089,Inhibition of binding of IL-8 to membranes of cloned CXC chemokine receptor 2 expressed in CHO Cells using [125I]IL-8 radioligand,2.6400000000000006
N#Cc1ccc(NC(=O)Nc2ccccc2Br)c(O)c1Cl,5.38,CHEMBL27446,CHEMBL656546,CHEMBL1149089,Inhibition of binding of IL-8 to membranes of cloned CXC chemokine receptor 1 expressed in CHO Cells using [125I]IL-8 radioligand,7.66,CHEMBL27446,CHEMBL656551,CHEMBL1149089,Inhibition of binding of IL-8 to membranes of cloned CXC chemokine receptor 2 expressed in CHO Cells using [125I]IL-8 radioligand,2.2800000000000002
NC(=O)c1c(Cl)ccc(NC(=O)Nc2ccccc2Br)c1O,5.22,CHEMBL184185,CHEMBL828743,CHEMBL1137097,Concentration required to inhibit [125I]-IL-8 binding towards C-X-C chemokine receptor type 1 of human expressed in CHO cells,8.0,CHEMBL184185,CHEMBL828744,CHEMBL1137097,Concentration required to inhibit [125I]IL-8 binding towards C-X-C chemokine receptor type 2 of human expressed in CHO cells,2.7800000000000002
NCc1c(Cl)ccc(NC(=O)Nc2ccccc2Br)c1O,4.52,CHEMBL535818,CHEMBL828743,CHEMBL1137097,Concentration required to inhibit [125I]-IL-8 binding towards C-X-C chemokine receptor type 1 of human expressed in CHO cells,6.94,CHEMBL535818,CHEMBL828744,CHEMBL1137097,Concentration required to inhibit [125I]IL-8 binding towards C-X-C chemokine receptor type 2 of human expressed in CHO cells,2.420000000000001
NS(=O)(=O)c1c(Cl)ccc(NC(=O)Nc2ccccc2Br)c1O,5.87,CHEMBL359670,CHEMBL828743,CHEMBL1137097,Concentration required to inhibit [125I]-IL-8 binding towards C-X-C chemokine receptor type 1 of human expressed in CHO cells,8.15,CHEMBL359670,CHEMBL828744,CHEMBL1137097,Concentration required to inhibit [125I]IL-8 binding towards C-X-C chemokine receptor type 2 of human expressed in CHO cells,2.2800000000000002
O=C(Nc1ccc([N+](=O)[O-])cc1O)Nc1ccccc1Br,7.66,CHEMBL239767,CHEMBL2184855,CHEMBL2176887,Antagonist activity at CXCR1 assessed as inhibition of CXCL8 binding by cell based assay,7.66,CHEMBL239767,CHEMBL2184853; CHEMBL903301,CHEMBL2176887; CHEMBL1139102,Displacement of [125I]IL8 from human recombinant CXCR2 expressed in CHO cells; Binding affinity to CXCR2,0.0
O=C(Nc1ccccc1)Nc1cc([N+](=O)[O-])ccc1O,4.33,CHEMBL24912,CHEMBL656546,CHEMBL1149089,Inhibition of binding of IL-8 to membranes of cloned CXC chemokine receptor 1 expressed in CHO Cells using [125I]IL-8 radioligand,4.96,CHEMBL24912,CHEMBL656551,CHEMBL1149089,Inhibition of binding of IL-8 to membranes of cloned CXC chemokine receptor 2 expressed in CHO Cells using [125I]IL-8 radioligand,0.6299999999999999
O=C(Nc1ccccc1)Nc1ccc([N+](=O)[O-])cc1O,4.74,CHEMBL280711,CHEMBL656546,CHEMBL1149089,Inhibition of binding of IL-8 to membranes of cloned CXC chemokine receptor 1 expressed in CHO Cells using [125I]IL-8 radioligand,6.5,CHEMBL280711,CHEMBL903301; CHEMBL656551,CHEMBL1149089; CHEMBL1139102,Inhibition of binding of IL-8 to membranes of cloned CXC chemokine receptor 2 expressed in CHO Cells using [125I]IL-8 radioligand; Displacement of [125I]IL8 from human recombinant CXCR2 expressed in CHO cells,1.7599999999999998
O=C(Nc1ccccc1)Nc1cccc([N+](=O)[O-])c1O,4.48,CHEMBL283736,CHEMBL656546,CHEMBL1149089,Inhibition of binding of IL-8 to membranes of cloned CXC chemokine receptor 1 expressed in CHO Cells using [125I]IL-8 radioligand,6.07,CHEMBL283736,CHEMBL656551,CHEMBL1149089,Inhibition of binding of IL-8 to membranes of cloned CXC chemokine receptor 2 expressed in CHO Cells using [125I]IL-8 radioligand,1.5899999999999999
O=C(Nc1ccccc1Br)Nc1ccc(Cl)c(Cl)c1O,4.87,CHEMBL185259,CHEMBL828743,CHEMBL1137097,Concentration required to inhibit [125I]-IL-8 binding towards C-X-C chemokine receptor type 1 of human expressed in CHO cells,7.2,CHEMBL185259,CHEMBL828744,CHEMBL1137097,Concentration required to inhibit [125I]IL-8 binding towards C-X-C chemokine receptor type 2 of human expressed in CHO cells,2.33
O=S1(=O)N=C(Nc2cccc(F)c2Cl)Nc2c(O)cc(Cl)cc21,4.89,CHEMBL393253,CHEMBL896518,CHEMBL1149534,Displacement of human recombinant [125I]IL8 from CXCR1 receptor expressed in CHO cells,7.19,CHEMBL393253,CHEMBL896516,CHEMBL1149534,Displacement of human recombinant [125I]IL8 from CXCR2 receptor expressed in CHO cells,2.3000000000000007
O=S1(=O)N=C(Nc2ccccc2Br)Nc2c(O)cc(Cl)cc21,4.89,CHEMBL393047,CHEMBL896518,CHEMBL1149534,Displacement of human recombinant [125I]IL8 from CXCR1 receptor expressed in CHO cells,7.19,CHEMBL393047,CHEMBL896516,CHEMBL1149534,Displacement of human recombinant [125I]IL8 from CXCR2 receptor expressed in CHO cells,2.3000000000000007
O=S1(=O)N=C(Nc2ccccc2Cl)Nc2c(O)cc(Cl)cc21,4.62,CHEMBL234186,CHEMBL896518,CHEMBL1149534,Displacement of human recombinant [125I]IL8 from CXCR1 receptor expressed in CHO cells,7.04,CHEMBL234186,CHEMBL896516,CHEMBL1149534,Displacement of human recombinant [125I]IL8 from CXCR2 receptor expressed in CHO cells,2.42
O=S1(=O)N=C(Nc2ccccc2Oc2ccccc2)Nc2c(O)cc(Cl)cc21,4.7,CHEMBL233346,CHEMBL896518,CHEMBL1149534,Displacement of human recombinant [125I]IL8 from CXCR1 receptor expressed in CHO cells,7.27,CHEMBL233346,CHEMBL896516,CHEMBL1149534,Displacement of human recombinant [125I]IL8 from CXCR2 receptor expressed in CHO cells,2.5699999999999994
O=[N+]([O-])c1cc(O)c2c(c1)S(=O)(=O)N=C(Nc1ccccc1Br)N2,5.5,CHEMBL443583,CHEMBL896518,CHEMBL1149534,Displacement of human recombinant [125I]IL8 from CXCR1 receptor expressed in CHO cells,7.58,CHEMBL443583,CHEMBL896516,CHEMBL1149534,Displacement of human recombinant [125I]IL8 from CXCR2 receptor expressed in CHO cells,2.08
O=[N+]([O-])c1cc(O)c2c(c1)S(=O)(=O)N=C(Nc1ccccc1Cl)N2,4.92,CHEMBL231924,CHEMBL896518,CHEMBL1149534,Displacement of human recombinant [125I]IL8 from CXCR1 receptor expressed in CHO cells,7.09,CHEMBL231924,CHEMBL896516,CHEMBL1149534,Displacement of human recombinant [125I]IL8 from CXCR2 receptor expressed in CHO cells,2.17
O=[N+]([O-])c1cc(O)c2c(c1)S(=O)(=O)N=C(Nc1ccccc1Oc1ccccc1)N2,5.12,CHEMBL399203,CHEMBL896518,CHEMBL1149534,Displacement of human recombinant [125I]IL8 from CXCR1 receptor expressed in CHO cells,7.27,CHEMBL399203,CHEMBL896516,CHEMBL1149534,Displacement of human recombinant [125I]IL8 from CXCR2 receptor expressed in CHO cells,2.1499999999999995
